-- MySQL dump 10.13  Distrib 8.0.18, for Win64 (x86_64)
--
-- Host: 127.0.0.1    Database: untitledquizapp
-- ------------------------------------------------------
-- Server version	8.0.31

/*!40101 SET @OLD_CHARACTER_SET_CLIENT=@@CHARACTER_SET_CLIENT */;
/*!40101 SET @OLD_CHARACTER_SET_RESULTS=@@CHARACTER_SET_RESULTS */;
/*!40101 SET @OLD_COLLATION_CONNECTION=@@COLLATION_CONNECTION */;
/*!50503 SET NAMES utf8mb4 */;
/*!40103 SET @OLD_TIME_ZONE=@@TIME_ZONE */;
/*!40103 SET TIME_ZONE='+00:00' */;
/*!40014 SET @OLD_UNIQUE_CHECKS=@@UNIQUE_CHECKS, UNIQUE_CHECKS=0 */;
/*!40014 SET @OLD_FOREIGN_KEY_CHECKS=@@FOREIGN_KEY_CHECKS, FOREIGN_KEY_CHECKS=0 */;
/*!40101 SET @OLD_SQL_MODE=@@SQL_MODE, SQL_MODE='NO_AUTO_VALUE_ON_ZERO' */;
/*!40111 SET @OLD_SQL_NOTES=@@SQL_NOTES, SQL_NOTES=0 */;

--
-- Table structure for table `answers`
--

DROP TABLE IF EXISTS `answers`;
/*!40101 SET @saved_cs_client     = @@character_set_client */;
/*!50503 SET character_set_client = utf8mb4 */;
CREATE TABLE `answers` (
  `id` bigint unsigned NOT NULL AUTO_INCREMENT,
  `question_id` bigint unsigned NOT NULL,
  `text` varchar(255) CHARACTER SET utf8mb4 COLLATE utf8mb4_unicode_ci NOT NULL,
  `is_correct` tinyint(1) NOT NULL,
  `created_at` timestamp NULL DEFAULT NULL,
  `updated_at` timestamp NULL DEFAULT NULL,
  PRIMARY KEY (`id`),
  KEY `answers_question_id_foreign` (`question_id`),
  CONSTRAINT `answers_question_id_foreign` FOREIGN KEY (`question_id`) REFERENCES `questions` (`id`) ON DELETE CASCADE
) ENGINE=InnoDB AUTO_INCREMENT=275 DEFAULT CHARSET=utf8mb4 COLLATE=utf8mb4_unicode_ci;
/*!40101 SET character_set_client = @saved_cs_client */;

--
-- Dumping data for table `answers`
--

LOCK TABLES `answers` WRITE;
/*!40000 ALTER TABLE `answers` DISABLE KEYS */;
INSERT INTO `answers` VALUES (42,12,'6.5',0,'2022-08-15 10:52:16','2022-08-15 10:52:16'),(43,12,'7',0,'2022-08-15 10:52:16','2022-08-15 10:52:16'),(44,12,'9',0,'2022-08-15 10:52:16','2022-08-15 10:52:16'),(45,12,'11',1,'2022-08-15 10:52:16','2022-08-15 10:52:16'),(46,13,'18',0,'2022-08-15 10:52:16','2022-08-15 10:52:16'),(47,13,'24',1,'2022-08-15 10:52:16','2022-08-15 10:52:16'),(48,13,'28',0,'2022-08-15 10:52:16','2022-08-15 10:52:16'),(49,13,'34',0,'2022-08-15 10:52:16','2022-08-15 10:52:16'),(92,28,'1',0,'2022-08-23 14:59:41','2022-08-23 14:59:41'),(93,28,'3',0,'2022-08-23 14:59:41','2022-08-23 14:59:41'),(94,28,'6',1,'2022-08-23 14:59:41','2022-08-23 14:59:41'),(95,28,'8',0,'2022-08-23 14:59:41','2022-08-23 14:59:41'),(96,29,'85',0,'2022-08-23 14:59:41','2022-08-23 14:59:41'),(97,29,'101',0,'2022-08-23 14:59:41','2022-08-23 14:59:41'),(98,29,'100',0,'2022-08-23 14:59:41','2022-08-23 14:59:41'),(99,29,'116',1,'2022-08-23 14:59:41','2022-08-23 14:59:41'),(100,30,'1688',0,'2022-08-23 14:59:41','2022-08-23 14:59:41'),(101,30,'1698',1,'2022-08-23 14:59:41','2022-08-23 14:59:41'),(102,30,'1708',0,'2022-08-23 14:59:41','2022-08-23 14:59:41'),(103,30,'1718',0,'2022-08-23 14:59:41','2022-08-23 14:59:41'),(104,31,'Hydrogen',0,'2022-08-24 11:05:03','2022-08-24 11:05:03'),(105,31,'Oxygen',0,'2022-08-24 11:05:03','2022-08-24 11:05:03'),(106,31,'Calcium',0,'2022-08-24 11:05:03','2022-08-24 11:05:03'),(107,31,'Helium',1,'2022-08-24 11:05:03','2022-08-24 11:05:03'),(108,32,'Water',1,'2022-08-24 11:05:03','2022-08-24 11:05:03'),(109,32,'Oil',0,'2022-08-24 11:05:03','2022-08-24 11:05:03'),(110,33,'Dmitri Mendeleev',1,'2022-08-24 11:05:03','2022-08-24 11:05:03'),(111,33,'Dimitar Mendelev',0,'2022-08-24 11:05:03','2022-08-24 11:05:03'),(112,33,'Dmitri Mendeleviev',0,'2022-08-24 11:05:03','2022-08-24 11:05:03'),(113,33,'Dimitar Mendes',0,'2022-08-24 11:05:03','2022-08-24 11:05:03'),(114,34,'5',0,'2022-08-24 11:05:03','2022-08-24 11:05:03'),(115,34,'8',0,'2022-08-24 11:05:03','2022-08-24 11:05:03'),(116,34,'14',0,'2022-08-24 11:05:03','2022-08-24 11:05:03'),(117,34,'18',1,'2022-08-24 11:05:03','2022-08-24 11:05:03'),(118,35,'Benzene group',0,'2022-08-24 11:05:03','2022-08-24 11:05:03'),(119,35,'Oxyl group',0,'2022-08-24 11:05:03','2022-08-24 11:05:03'),(120,35,'Phenyl group',1,'2022-08-24 11:05:03','2022-08-24 11:05:03'),(121,35,'Hydroxy group',0,'2022-08-24 11:05:03','2022-08-24 11:05:03'),(144,42,'Gabriel Martinelli',0,'2022-09-05 13:12:47','2022-09-05 13:12:47'),(145,42,'Bukayo Saka',0,'2022-09-05 13:12:47','2022-09-05 13:12:47'),(146,42,'Eddie Nketiah',1,'2022-09-05 13:12:47','2022-09-05 13:12:47'),(147,42,'Gabriel Jesus',0,'2022-09-05 13:12:47','2022-09-05 13:12:47'),(148,43,'Olivier Giroud',0,'2022-09-05 13:12:47','2022-09-05 13:12:47'),(149,43,'Thierry Henry',1,'2022-09-05 13:12:47','2022-09-05 13:12:47'),(150,43,'Dennis Bergkamp',0,'2022-09-05 13:12:47','2022-09-05 13:12:47'),(151,43,'Alexis Sanchez',0,'2022-09-05 13:12:47','2022-09-05 13:12:47'),(152,44,'Andrey Arshavin',1,'2022-09-05 13:12:47','2022-09-05 13:12:47'),(153,44,'Sead Kolašinac',0,'2022-09-05 13:12:48','2022-09-05 13:12:48'),(154,44,'Oleh Luzhnyi',0,'2022-09-05 13:12:48','2022-09-05 13:12:48'),(155,44,'Alexander Hleb',0,'2022-09-05 13:12:48','2022-09-05 13:12:48'),(156,45,'Cesc Fabregas',1,'2022-09-05 13:12:48','2022-09-05 13:12:48'),(157,45,'Mesut Özil',0,'2022-09-05 13:12:48','2022-09-05 13:12:48'),(158,46,'Tony Adams',0,'2022-09-05 13:12:48','2022-09-05 13:12:48'),(159,46,'George Armstrong',0,'2022-09-05 13:12:48','2022-09-05 13:12:48'),(160,46,'Lee Dixon',0,'2022-09-05 13:12:48','2022-09-05 13:12:48'),(161,46,'David O\'Leary',1,'2022-09-05 13:12:48','2022-09-05 13:12:48'),(184,53,'Man city',1,'2022-09-05 13:24:22','2022-09-05 13:24:22'),(185,53,'Liverpool',0,'2022-09-05 13:24:22','2022-09-05 13:24:22'),(186,54,'Frank DeBoar',0,'2022-09-05 13:24:22','2022-09-05 13:24:22'),(187,54,'Frank Lampard',0,'2022-09-05 13:24:22','2022-09-05 13:24:22'),(188,54,'Jurgen Klopp',0,'2022-09-05 13:24:22','2022-09-05 13:24:22'),(189,54,'Steven Gerrard',1,'2022-09-05 13:24:22','2022-09-05 13:24:22'),(190,55,'New England Patriots',0,'2022-09-05 13:24:22','2022-09-05 13:24:22'),(191,55,'Kansas City Chiefs',0,'2022-09-05 13:24:22','2022-09-05 13:24:22'),(192,55,'Cincinnati Bengals',0,'2022-09-05 13:24:22','2022-09-05 13:24:22'),(193,55,'LA Rams',1,'2022-09-05 13:24:22','2022-09-05 13:24:22'),(194,56,'Tennis',0,'2022-09-05 13:24:22','2022-09-05 13:24:22'),(195,56,'Basketball',0,'2022-09-05 13:24:22','2022-09-05 13:24:22'),(196,56,'American Football',1,'2022-09-05 13:24:22','2022-09-05 13:24:22'),(197,56,'Ice Hockey',0,'2022-09-05 13:24:22','2022-09-05 13:24:22'),(198,57,'1990',0,'2022-09-05 13:24:22','2022-09-05 13:24:22'),(199,57,'1992',1,'2022-09-05 13:24:22','2022-09-05 13:24:22'),(200,57,'1995',0,'2022-09-05 13:24:22','2022-09-05 13:24:22'),(201,57,'1999',0,'2022-09-05 13:24:22','2022-09-05 13:24:22'),(202,58,'Baseball',0,'2022-09-05 13:24:22','2022-09-05 13:24:22'),(203,58,'Basketball',0,'2022-09-05 13:24:22','2022-09-05 13:24:22'),(204,58,'Ice Hockey',1,'2022-09-05 13:24:22','2022-09-05 13:24:22'),(205,58,'American Football',0,'2022-09-05 13:24:22','2022-09-05 13:24:22'),(206,59,'Heinkel He 178',1,'2022-09-05 13:41:54','2022-09-05 13:41:54'),(207,59,'Lockheed Martin F-1',0,'2022-09-05 13:41:54','2022-09-05 13:41:54'),(208,59,'Supermarine Spitfire',0,'2022-09-05 13:41:54','2022-09-05 13:41:54'),(209,59,'De Havilland Comet',0,'2022-09-05 13:41:54','2022-09-05 13:41:54'),(210,60,'Boeing B-52 Stratofortress',0,'2022-09-05 13:41:54','2022-09-05 13:41:54'),(211,60,'Rockwell B-1 Lancer',0,'2022-09-05 13:41:54','2022-09-05 13:41:54'),(212,60,'Northrop Grumman B-2 Spirit',1,'2022-09-05 13:41:54','2022-09-05 13:41:54'),(213,60,'Boeing C-17 Globemaster III',0,'2022-09-05 13:41:54','2022-09-05 13:41:54'),(214,61,'Russian Revolution',0,'2022-09-05 13:41:54','2022-09-05 13:41:54'),(215,61,'WW1',1,'2022-09-05 13:41:54','2022-09-05 13:41:54'),(216,61,'WW2',0,'2022-09-05 13:41:54','2022-09-05 13:41:54'),(217,61,'Korean War',0,'2022-09-05 13:41:54','2022-09-05 13:41:54'),(218,62,'Sukhoi Su-7',0,'2022-09-05 13:41:54','2022-09-05 13:41:54'),(219,62,'MiG-7',0,'2022-09-05 13:41:54','2022-09-05 13:41:54'),(220,62,'MiG-15',1,'2022-09-05 13:41:54','2022-09-05 13:41:54'),(221,62,'Sukhoi Su-15',0,'2022-09-05 13:41:54','2022-09-05 13:41:54'),(222,63,'500mph',0,'2022-09-05 13:41:54','2022-09-05 13:41:54'),(223,63,'Speed of sound',1,'2022-09-05 13:41:54','2022-09-05 13:41:54'),(224,63,'1000mph',0,'2022-09-05 13:41:54','2022-09-05 13:41:54'),(225,63,'Speed of light',0,'2022-09-05 13:41:54','2022-09-05 13:41:54'),(226,64,'Jaipur',0,'2022-09-05 13:44:09','2022-09-05 13:44:09'),(227,64,'Bangkok',1,'2022-09-05 13:44:09','2022-09-05 13:44:09'),(228,64,'Kuala Lumpur',0,'2022-09-05 13:44:09','2022-09-05 13:44:09'),(229,64,'Laos',0,'2022-09-05 13:44:09','2022-09-05 13:44:09'),(230,65,'Bolivia',1,'2022-09-05 13:44:09','2022-09-05 13:44:09'),(231,65,'Colombia',0,'2022-09-05 13:44:09','2022-09-05 13:44:09'),(232,65,'Peru',0,'2022-09-05 13:44:09','2022-09-05 13:44:09'),(233,65,'Venezuela',0,'2022-09-05 13:44:09','2022-09-05 13:44:09'),(234,66,'Melbourne',0,'2022-09-05 13:44:09','2022-09-05 13:44:09'),(235,66,'Alice Spring',0,'2022-09-05 13:44:09','2022-09-05 13:44:09'),(236,66,'Canberra',1,'2022-09-05 13:44:09','2022-09-05 13:44:09'),(237,66,'Sydney',0,'2022-09-05 13:44:09','2022-09-05 13:44:09'),(238,67,'Estonia',0,'2022-09-05 13:44:09','2022-09-05 13:44:09'),(239,67,'Latvia',0,'2022-09-05 13:44:09','2022-09-05 13:44:09'),(240,67,'Azerbaijan',0,'2022-09-05 13:44:09','2022-09-05 13:44:09'),(241,67,'Georgia',1,'2022-09-05 13:44:09','2022-09-05 13:44:09'),(242,68,'1990',0,'2022-09-05 13:53:02','2022-09-05 13:53:02'),(243,68,'1991',1,'2022-09-05 13:53:02','2022-09-05 13:53:02'),(244,68,'1992',0,'2022-09-05 13:53:02','2022-09-05 13:53:02'),(245,68,'1993',0,'2022-09-05 13:53:02','2022-09-05 13:53:02'),(246,69,'Day',0,'2022-09-05 13:53:02','2022-09-05 13:53:02'),(247,69,'Week',0,'2022-09-05 13:53:02','2022-09-05 13:53:02'),(248,69,'Month',0,'2022-09-05 13:53:02','2022-09-05 13:53:02'),(249,69,'Year',0,'2022-09-05 13:53:02','2022-09-05 13:53:02'),(250,69,'Life',1,'2022-09-05 13:53:02','2022-09-05 13:53:02'),(251,70,'The Housemartins',0,'2022-09-05 13:53:02','2022-09-05 13:53:02'),(252,70,'Oasis',0,'2022-09-05 13:53:02','2022-09-05 13:53:02'),(253,70,'Happy Mondays',1,'2022-09-05 13:53:02','2022-09-05 13:53:02'),(254,70,'Blur',0,'2022-09-05 13:53:02','2022-09-05 13:53:02'),(255,71,'Blur - Parklife',0,'2022-09-05 13:53:02','2022-09-05 13:53:02'),(256,71,'Oasis - Definitely Maybe',1,'2022-09-05 13:53:02','2022-09-05 13:53:02'),(257,71,'Beastie Boys - Ill Communication',0,'2022-09-05 13:53:02','2022-09-05 13:53:02'),(258,71,'Nirvana - MTV Unplugged In New York',0,'2022-09-05 13:53:03','2022-09-05 13:53:03'),(259,72,'The Fugees',0,'2022-09-05 13:53:03','2022-09-05 13:53:03'),(260,72,'TLC',1,'2022-09-05 13:53:03','2022-09-05 13:53:03'),(261,72,'B*Witched',0,'2022-09-05 13:53:03','2022-09-05 13:53:03'),(262,72,'Destinys Child',0,'2022-09-05 13:53:03','2022-09-05 13:53:03'),(263,73,'Rat Trap',0,'2022-09-05 14:03:14','2022-09-05 14:03:14'),(264,73,'Mouse Trap',1,'2022-09-05 14:03:14','2022-09-05 14:03:14'),(265,73,'Capture the Rat',0,'2022-09-05 14:03:14','2022-09-05 14:03:14'),(266,73,'Kerplunk',0,'2022-09-05 14:03:14','2022-09-05 14:03:14'),(267,74,'The drop',0,'2022-09-05 14:03:14','2022-09-05 14:03:14'),(268,74,'Kerplunk',1,'2022-09-05 14:03:15','2022-09-05 14:03:15'),(269,74,'Marble run',0,'2022-09-05 14:03:15','2022-09-05 14:03:15'),(270,74,'ScatterRun',0,'2022-09-05 14:03:15','2022-09-05 14:03:15'),(271,75,'Kerplunk',0,'2022-09-05 14:03:15','2022-09-05 14:03:15'),(272,75,'Snap',0,'2022-09-05 14:03:15','2022-09-05 14:03:15'),(273,75,'Chomp',0,'2022-09-05 14:03:15','2022-09-05 14:03:15'),(274,75,'Hungry Hippos',1,'2022-09-05 14:03:15','2022-09-05 14:03:15');
/*!40000 ALTER TABLE `answers` ENABLE KEYS */;
UNLOCK TABLES;

--
-- Table structure for table `challenges`
--

DROP TABLE IF EXISTS `challenges`;
/*!40101 SET @saved_cs_client     = @@character_set_client */;
/*!50503 SET character_set_client = utf8mb4 */;
CREATE TABLE `challenges` (
  `id` bigint unsigned NOT NULL AUTO_INCREMENT,
  `challenger_id` bigint unsigned NOT NULL,
  `recipient_id` bigint unsigned NOT NULL,
  `score_id` bigint unsigned NOT NULL,
  `status` tinyint unsigned NOT NULL DEFAULT '0',
  `created_at` timestamp NULL DEFAULT NULL,
  `updated_at` timestamp NULL DEFAULT NULL,
  PRIMARY KEY (`id`),
  KEY `challenges_challenger_id_foreign` (`challenger_id`),
  KEY `challenges_recipient_id_foreign` (`recipient_id`),
  KEY `challenges_score_id_foreign` (`score_id`),
  CONSTRAINT `challenges_challenger_id_foreign` FOREIGN KEY (`challenger_id`) REFERENCES `users` (`id`) ON DELETE CASCADE,
  CONSTRAINT `challenges_recipient_id_foreign` FOREIGN KEY (`recipient_id`) REFERENCES `users` (`id`) ON DELETE CASCADE,
  CONSTRAINT `challenges_score_id_foreign` FOREIGN KEY (`score_id`) REFERENCES `scores` (`id`) ON DELETE CASCADE
) ENGINE=InnoDB AUTO_INCREMENT=5 DEFAULT CHARSET=utf8mb4 COLLATE=utf8mb4_unicode_ci;
/*!40101 SET character_set_client = @saved_cs_client */;

--
-- Dumping data for table `challenges`
--

LOCK TABLES `challenges` WRITE;
/*!40000 ALTER TABLE `challenges` DISABLE KEYS */;
INSERT INTO `challenges` VALUES (1,2,3,1,1,'2022-08-11 11:08:59','2022-08-11 12:00:33'),(2,4,2,5,0,'2022-08-16 10:35:04','2022-08-16 10:35:04'),(3,2,6,1,0,'2022-08-17 13:06:00','2022-08-17 13:06:00'),(4,2,5,10,0,'2022-08-17 13:07:05','2022-08-17 13:07:05');
/*!40000 ALTER TABLE `challenges` ENABLE KEYS */;
UNLOCK TABLES;

--
-- Table structure for table `comments`
--

DROP TABLE IF EXISTS `comments`;
/*!40101 SET @saved_cs_client     = @@character_set_client */;
/*!50503 SET character_set_client = utf8mb4 */;
CREATE TABLE `comments` (
  `id` bigint unsigned NOT NULL AUTO_INCREMENT,
  `user_id` bigint unsigned NOT NULL,
  `quiz_id` bigint unsigned NOT NULL,
  `text` text CHARACTER SET utf8mb4 COLLATE utf8mb4_unicode_ci NOT NULL,
  `removed` tinyint(1) NOT NULL DEFAULT '0',
  `created_at` timestamp NULL DEFAULT NULL,
  `updated_at` timestamp NULL DEFAULT NULL,
  PRIMARY KEY (`id`),
  KEY `comments_user_id_foreign` (`user_id`),
  KEY `comments_quiz_id_foreign` (`quiz_id`),
  CONSTRAINT `comments_quiz_id_foreign` FOREIGN KEY (`quiz_id`) REFERENCES `quizzes` (`id`) ON DELETE CASCADE,
  CONSTRAINT `comments_user_id_foreign` FOREIGN KEY (`user_id`) REFERENCES `users` (`id`) ON DELETE CASCADE
) ENGINE=InnoDB AUTO_INCREMENT=13 DEFAULT CHARSET=utf8mb4 COLLATE=utf8mb4_unicode_ci;
/*!40101 SET character_set_client = @saved_cs_client */;

--
-- Dumping data for table `comments`
--

LOCK TABLES `comments` WRITE;
/*!40000 ALTER TABLE `comments` DISABLE KEYS */;
INSERT INTO `comments` VALUES (1,2,1,'Great quiz',0,'2022-08-17 10:45:22','2022-08-17 10:45:22'),(2,2,3,'Great quiz!',0,'2022-08-17 13:13:33','2022-08-17 13:13:33'),(3,12,6,'That\'s a hard one!',0,'2022-09-05 13:13:59','2022-09-05 13:13:59'),(4,12,2,'Love these types of quizzes',0,'2022-09-05 13:42:25','2022-09-05 13:42:25'),(5,12,4,'Could do with a few more questions and variety.',0,'2022-09-05 13:42:59','2022-09-05 13:42:59'),(6,3,2,'Glad you enjoyed it!',0,'2022-09-05 13:44:23','2022-09-05 13:44:23'),(7,4,3,'Thanks!',0,'2022-09-05 13:44:59','2022-09-05 13:44:59'),(8,4,7,'COYG!',0,'2022-09-05 13:53:56','2022-09-05 13:53:56'),(9,13,1,'Loved that!',0,'2022-09-05 14:03:32','2022-09-05 14:03:32'),(10,13,5,'Fun quiz!',0,'2022-09-05 14:09:37','2022-09-05 14:09:37'),(11,13,3,'Great memories!',0,'2022-09-05 14:10:18','2022-09-05 14:10:18'),(12,2,9,'I remember all of these!',0,'2022-09-05 14:12:44','2022-09-05 14:12:44');
/*!40000 ALTER TABLE `comments` ENABLE KEYS */;
UNLOCK TABLES;

--
-- Table structure for table `failed_jobs`
--

DROP TABLE IF EXISTS `failed_jobs`;
/*!40101 SET @saved_cs_client     = @@character_set_client */;
/*!50503 SET character_set_client = utf8mb4 */;
CREATE TABLE `failed_jobs` (
  `id` bigint unsigned NOT NULL AUTO_INCREMENT,
  `uuid` varchar(255) CHARACTER SET utf8mb4 COLLATE utf8mb4_unicode_ci NOT NULL,
  `connection` text CHARACTER SET utf8mb4 COLLATE utf8mb4_unicode_ci NOT NULL,
  `queue` text CHARACTER SET utf8mb4 COLLATE utf8mb4_unicode_ci NOT NULL,
  `payload` longtext CHARACTER SET utf8mb4 COLLATE utf8mb4_unicode_ci NOT NULL,
  `exception` longtext CHARACTER SET utf8mb4 COLLATE utf8mb4_unicode_ci NOT NULL,
  `failed_at` timestamp NOT NULL DEFAULT CURRENT_TIMESTAMP,
  PRIMARY KEY (`id`),
  UNIQUE KEY `failed_jobs_uuid_unique` (`uuid`)
) ENGINE=InnoDB DEFAULT CHARSET=utf8mb4 COLLATE=utf8mb4_unicode_ci;
/*!40101 SET character_set_client = @saved_cs_client */;

--
-- Dumping data for table `failed_jobs`
--

LOCK TABLES `failed_jobs` WRITE;
/*!40000 ALTER TABLE `failed_jobs` DISABLE KEYS */;
/*!40000 ALTER TABLE `failed_jobs` ENABLE KEYS */;
UNLOCK TABLES;

--
-- Table structure for table `follows`
--

DROP TABLE IF EXISTS `follows`;
/*!40101 SET @saved_cs_client     = @@character_set_client */;
/*!50503 SET character_set_client = utf8mb4 */;
CREATE TABLE `follows` (
  `user_id` bigint unsigned NOT NULL,
  `following_user_id` bigint unsigned NOT NULL,
  `created_at` timestamp NULL DEFAULT NULL,
  `updated_at` timestamp NULL DEFAULT NULL,
  PRIMARY KEY (`user_id`,`following_user_id`),
  KEY `follows_following_user_id_foreign` (`following_user_id`),
  CONSTRAINT `follows_following_user_id_foreign` FOREIGN KEY (`following_user_id`) REFERENCES `users` (`id`) ON DELETE CASCADE,
  CONSTRAINT `follows_user_id_foreign` FOREIGN KEY (`user_id`) REFERENCES `users` (`id`) ON DELETE CASCADE
) ENGINE=InnoDB DEFAULT CHARSET=utf8mb4 COLLATE=utf8mb4_unicode_ci;
/*!40101 SET character_set_client = @saved_cs_client */;

--
-- Dumping data for table `follows`
--

LOCK TABLES `follows` WRITE;
/*!40000 ALTER TABLE `follows` DISABLE KEYS */;
INSERT INTO `follows` VALUES (2,3,NULL,NULL),(2,4,NULL,NULL),(2,12,NULL,NULL),(2,13,NULL,NULL),(4,3,NULL,NULL);
/*!40000 ALTER TABLE `follows` ENABLE KEYS */;
UNLOCK TABLES;

--
-- Table structure for table `friendships`
--

DROP TABLE IF EXISTS `friendships`;
/*!40101 SET @saved_cs_client     = @@character_set_client */;
/*!50503 SET character_set_client = utf8mb4 */;
CREATE TABLE `friendships` (
  `id` bigint unsigned NOT NULL AUTO_INCREMENT,
  `sender_id` bigint unsigned NOT NULL,
  `recipient_id` bigint unsigned NOT NULL,
  `status` tinyint unsigned NOT NULL DEFAULT '0',
  `created_at` timestamp NULL DEFAULT NULL,
  `updated_at` timestamp NULL DEFAULT NULL,
  PRIMARY KEY (`id`)
) ENGINE=InnoDB AUTO_INCREMENT=5 DEFAULT CHARSET=utf8mb4 COLLATE=utf8mb4_unicode_ci;
/*!40101 SET character_set_client = @saved_cs_client */;

--
-- Dumping data for table `friendships`
--

LOCK TABLES `friendships` WRITE;
/*!40000 ALTER TABLE `friendships` DISABLE KEYS */;
INSERT INTO `friendships` VALUES (2,2,3,1,'2022-08-11 12:14:47','2022-08-11 12:28:51'),(3,2,4,0,'2022-08-15 10:36:19','2022-08-15 10:36:19'),(4,2,12,0,'2022-09-05 14:12:23','2022-09-05 14:12:23');
/*!40000 ALTER TABLE `friendships` ENABLE KEYS */;
UNLOCK TABLES;

--
-- Table structure for table `likes`
--

DROP TABLE IF EXISTS `likes`;
/*!40101 SET @saved_cs_client     = @@character_set_client */;
/*!50503 SET character_set_client = utf8mb4 */;
CREATE TABLE `likes` (
  `id` bigint unsigned NOT NULL AUTO_INCREMENT,
  `user_id` bigint unsigned NOT NULL,
  `quiz_id` bigint unsigned NOT NULL,
  `liked` tinyint(1) NOT NULL,
  `created_at` timestamp NULL DEFAULT NULL,
  `updated_at` timestamp NULL DEFAULT NULL,
  PRIMARY KEY (`id`),
  UNIQUE KEY `likes_user_id_quiz_id_unique` (`user_id`,`quiz_id`),
  KEY `likes_quiz_id_foreign` (`quiz_id`),
  CONSTRAINT `likes_quiz_id_foreign` FOREIGN KEY (`quiz_id`) REFERENCES `quizzes` (`id`) ON DELETE CASCADE,
  CONSTRAINT `likes_user_id_foreign` FOREIGN KEY (`user_id`) REFERENCES `users` (`id`) ON DELETE CASCADE
) ENGINE=InnoDB AUTO_INCREMENT=18 DEFAULT CHARSET=utf8mb4 COLLATE=utf8mb4_unicode_ci;
/*!40101 SET character_set_client = @saved_cs_client */;

--
-- Dumping data for table `likes`
--

LOCK TABLES `likes` WRITE;
/*!40000 ALTER TABLE `likes` DISABLE KEYS */;
INSERT INTO `likes` VALUES (1,6,1,1,'2022-08-16 09:45:16','2022-08-16 09:45:16'),(2,2,3,1,'2022-08-17 13:12:45','2022-08-17 13:12:45'),(3,3,3,1,'2022-08-17 13:12:58','2022-08-17 13:12:58'),(4,12,6,1,'2022-09-05 13:13:40','2022-09-05 13:13:40'),(5,12,2,1,'2022-09-05 13:42:29','2022-09-05 13:42:29'),(6,12,4,0,'2022-09-05 13:42:39','2022-09-05 13:42:39'),(7,4,8,1,'2022-09-05 13:53:45','2022-09-05 13:53:45'),(8,4,7,1,'2022-09-05 13:54:21','2022-09-05 13:54:21'),(9,4,1,1,'2022-09-05 13:54:26','2022-09-05 13:54:26'),(10,4,6,1,'2022-09-05 13:54:38','2022-09-05 13:54:38'),(11,13,1,1,'2022-09-05 14:03:24','2022-09-05 14:03:24'),(12,13,7,1,'2022-09-05 14:03:58','2022-09-05 14:03:58'),(13,13,8,1,'2022-09-05 14:04:16','2022-09-05 14:04:16'),(14,13,4,0,'2022-09-05 14:04:45','2022-09-05 14:04:45'),(15,13,5,1,'2022-09-05 14:09:29','2022-09-05 14:09:29'),(16,13,3,1,'2022-09-05 14:10:07','2022-09-05 14:10:07'),(17,2,7,1,'2022-09-05 14:11:49','2022-09-05 14:11:49');
/*!40000 ALTER TABLE `likes` ENABLE KEYS */;
UNLOCK TABLES;

--
-- Table structure for table `migrations`
--

DROP TABLE IF EXISTS `migrations`;
/*!40101 SET @saved_cs_client     = @@character_set_client */;
/*!50503 SET character_set_client = utf8mb4 */;
CREATE TABLE `migrations` (
  `id` int unsigned NOT NULL AUTO_INCREMENT,
  `migration` varchar(255) CHARACTER SET utf8mb4 COLLATE utf8mb4_unicode_ci NOT NULL,
  `batch` int NOT NULL,
  PRIMARY KEY (`id`)
) ENGINE=InnoDB AUTO_INCREMENT=27 DEFAULT CHARSET=utf8mb4 COLLATE=utf8mb4_unicode_ci;
/*!40101 SET character_set_client = @saved_cs_client */;

--
-- Dumping data for table `migrations`
--

LOCK TABLES `migrations` WRITE;
/*!40000 ALTER TABLE `migrations` DISABLE KEYS */;
INSERT INTO `migrations` VALUES (1,'2014_10_12_000000_create_users_table',1),(2,'2014_10_12_100000_create_password_resets_table',1),(3,'2016_06_01_000001_create_oauth_auth_codes_table',1),(4,'2016_06_01_000002_create_oauth_access_tokens_table',1),(5,'2016_06_01_000003_create_oauth_refresh_tokens_table',1),(6,'2016_06_01_000004_create_oauth_clients_table',1),(7,'2016_06_01_000005_create_oauth_personal_access_clients_table',1),(8,'2019_08_19_000000_create_failed_jobs_table',1),(9,'2020_10_12_102617_create_quizzes_table',1),(10,'2020_10_12_121323_create_questions_table',1),(11,'2020_10_12_142522_create_answers_table',1),(12,'2020_10_12_164014_create_scores_table',1),(13,'2020_10_12_192238_create_tags_table',1),(14,'2020_10_15_150643_add_bio_to_users_table',1),(15,'2020_10_20_130525_create_follows_table',1),(16,'2020_10_20_135438_create_likes_table',1),(17,'2020_10_23_110207_add__profile__image__for__user',1),(18,'2020_10_23_144336_add_image_to_question',1),(19,'2020_12_21_162151_create_comments_table',1),(20,'2021_01_13_111322_create_challenges_table',1),(21,'2021_01_18_153908_add_challenge_points_to_users_table',1),(22,'2021_04_08_123335_create_roles_table',1),(23,'2021_04_22_115132_create_quiz_bans_table',1),(24,'2022_02_16_105248_create_friendships_table',1),(25,'2022_02_22_114810_create_quiz_collaborators_table',1),(26,'2022_08_10_110619_create_notifications_table',1);
/*!40000 ALTER TABLE `migrations` ENABLE KEYS */;
UNLOCK TABLES;

--
-- Table structure for table `notifications`
--

DROP TABLE IF EXISTS `notifications`;
/*!40101 SET @saved_cs_client     = @@character_set_client */;
/*!50503 SET character_set_client = utf8mb4 */;
CREATE TABLE `notifications` (
  `id` bigint unsigned NOT NULL AUTO_INCREMENT,
  `recipient_id` bigint unsigned NOT NULL,
  `sender_id` bigint unsigned NOT NULL,
  `type` tinyint unsigned NOT NULL,
  `text` text CHARACTER SET utf8mb4 COLLATE utf8mb4_unicode_ci NOT NULL,
  `read` tinyint(1) NOT NULL DEFAULT '0',
  `created_at` timestamp NULL DEFAULT NULL,
  `updated_at` timestamp NULL DEFAULT NULL,
  PRIMARY KEY (`id`)
) ENGINE=InnoDB AUTO_INCREMENT=22 DEFAULT CHARSET=utf8mb4 COLLATE=utf8mb4_unicode_ci;
/*!40101 SET character_set_client = @saved_cs_client */;

--
-- Dumping data for table `notifications`
--

LOCK TABLES `notifications` WRITE;
/*!40000 ALTER TABLE `notifications` DISABLE KEYS */;
INSERT INTO `notifications` VALUES (1,3,2,0,'TomF94 has sent you a challenge on the Toms sports quiz quiz.',0,'2022-08-11 11:08:59','2022-08-11 11:08:59'),(2,2,3,1,'Congratulations you have won your challenge against BillyBitcoin on the Toms sports quiz quiz.',1,'2022-08-11 11:59:58','2022-08-11 14:50:24'),(3,2,3,2,'You have lost your challenge against BillyBitcoin on the Toms sports quiz quiz.',1,'2022-08-11 12:00:33','2022-08-11 14:50:24'),(4,3,2,3,'You have recieved a friend request from TomF94',0,'2022-08-11 12:14:47','2022-08-11 12:14:47'),(5,2,3,3,'BillyBitcoin has accepted your friend request.',1,'2022-08-11 12:28:51','2022-08-11 14:50:24'),(6,2,2,4,'Your quiz Toms sports quiz has been banned, see quiz detail page for details.',1,'2022-08-11 12:51:26','2022-08-12 10:24:15'),(17,4,2,3,'You have recieved a friend request from TomF94.',0,'2022-08-15 10:36:19','2022-08-15 10:36:19'),(18,2,4,0,'Darren1991 has sent you a challenge on the Capital cities quiz quiz.',0,'2022-08-16 10:35:04','2022-08-16 10:35:04'),(19,6,2,0,'TomF94 has sent you a challenge on the Toms sports quiz quiz.',0,'2022-08-17 13:06:00','2022-08-17 13:06:00'),(20,5,2,0,'TomF94 has sent you a challenge on the Hits of the 90\'s quiz.',0,'2022-08-17 13:07:05','2022-08-17 13:07:05'),(21,12,2,3,'You have recieved a friend request from Tom55.',0,'2022-09-05 14:12:23','2022-09-05 14:12:23');
/*!40000 ALTER TABLE `notifications` ENABLE KEYS */;
UNLOCK TABLES;

--
-- Table structure for table `oauth_access_tokens`
--

DROP TABLE IF EXISTS `oauth_access_tokens`;
/*!40101 SET @saved_cs_client     = @@character_set_client */;
/*!50503 SET character_set_client = utf8mb4 */;
CREATE TABLE `oauth_access_tokens` (
  `id` varchar(100) CHARACTER SET utf8mb4 COLLATE utf8mb4_unicode_ci NOT NULL,
  `user_id` bigint unsigned DEFAULT NULL,
  `client_id` bigint unsigned NOT NULL,
  `name` varchar(255) CHARACTER SET utf8mb4 COLLATE utf8mb4_unicode_ci DEFAULT NULL,
  `scopes` text CHARACTER SET utf8mb4 COLLATE utf8mb4_unicode_ci,
  `revoked` tinyint(1) NOT NULL,
  `created_at` timestamp NULL DEFAULT NULL,
  `updated_at` timestamp NULL DEFAULT NULL,
  `expires_at` datetime DEFAULT NULL,
  PRIMARY KEY (`id`),
  KEY `oauth_access_tokens_user_id_index` (`user_id`)
) ENGINE=InnoDB DEFAULT CHARSET=utf8mb4 COLLATE=utf8mb4_unicode_ci;
/*!40101 SET character_set_client = @saved_cs_client */;

--
-- Dumping data for table `oauth_access_tokens`
--

LOCK TABLES `oauth_access_tokens` WRITE;
/*!40000 ALTER TABLE `oauth_access_tokens` DISABLE KEYS */;
INSERT INTO `oauth_access_tokens` VALUES ('0293f4cdf5156fbe4b4f11d4fde136311b31b69e619c6e08964baec4a2fd9c8bd5e5ef3a137a3a26',3,1,'Personal Access Token','[\"1\"]',0,'2022-08-11 11:05:47','2022-08-11 11:05:47','2022-08-18 11:05:47'),('07258050a032b41e2100e7fbd246a862dfd53b9df72eb39443a35fc9d0db92c853e2adc9bd5fa128',2,19,'Personal Access Token','[\"1\"]',0,'2022-10-21 12:31:33','2022-10-21 12:31:33','2022-10-28 12:31:33'),('16ca2ccd99622ed8090eb08e1869399fcac9e78de540210458264a5711c95b8c53a4e2b74ad688c9',2,1,'Personal Access Token','[\"1\"]',0,'2022-08-17 11:19:34','2022-08-17 11:19:34','2022-08-24 11:19:34'),('19e76c44819e33ef366afa7917c94aca4b2838ad0e08646754a1f86820da7d4eb452839fdadecdcd',2,19,'Personal Access Token','[\"1\"]',0,'2022-10-20 13:53:53','2022-10-20 13:53:53','2022-10-27 13:53:53'),('1ef2746d814d1075cc53fbb54432d4cf2460cae456cdebd9a9aa11d63e681f0eaabe214bb26892e9',2,1,'Personal Access Token','[\"1\"]',0,'2022-08-15 10:46:49','2022-08-15 10:46:49','2022-08-22 10:46:49'),('2453f553f239bb3fd819a5b71f3c2eadca44a6fc49f51ef944cc164b45a745a9b2ff53131fa547a3',6,11,'Personal Access Token','[\"1\"]',0,'2022-08-24 10:56:28','2022-08-24 10:56:28','2022-08-31 10:56:28'),('31f8dd1ba7fb9bc6ddfad365d64d6e01c1f69a89b1213eae983325bb4380b668892c5360708b83b8',2,1,'Personal Access Token','[\"1\"]',0,'2022-08-17 10:35:18','2022-08-17 10:35:18','2022-08-24 10:35:18'),('4cff2fd82f450bcfa616b28d73d4f1e1a348f32996a91859558f7ad3cde3c24349b084bb7a19bdcb',2,19,'Personal Access Token','[\"1\"]',0,'2022-10-20 09:41:17','2022-10-20 09:41:17','2022-10-27 09:41:18'),('4d191a9dd82a41da1426ce471e695e058a200b20b5fd77e4a57c4d270d453cd66dcc25dc84c2a988',5,1,'Personal Access Token','[\"1\"]',0,'2022-08-17 13:09:42','2022-08-17 13:09:42','2022-08-24 13:09:42'),('5d0e6d81325c8da87fab65dba8e36e185cc710023d70c443e33cabffd8c7909627e422128a6097d0',4,13,'Personal Access Token','[\"1\"]',0,'2022-09-05 13:44:45','2022-09-05 13:44:45','2022-09-12 13:44:45'),('605b5155bdd8f27ae607f93dcc3e0b3112c56b2841c32d4d96ed5726187a0678dfbd0d2c6584649e',2,1,'Personal Access Token','[\"1\"]',0,'2022-08-17 11:23:57','2022-08-17 11:23:57','2022-08-24 11:23:57'),('64c69ab61ad22a65bec9be3218a05da6caa1603059c13cd7c2561bc730f442aa5a6134983934e061',4,1,'Personal Access Token','[\"1\"]',0,'2022-08-16 10:34:44','2022-08-16 10:34:44','2022-08-23 10:34:44'),('66c79e899cc7a3729141eff2b510c2f3c84290316cb0351632904ce28d7075a653c08d97d2b674ad',2,7,'Personal Access Token','[\"1\"]',0,'2022-08-24 09:33:28','2022-08-24 09:33:28','2022-08-31 09:33:28'),('6757aa65ba69f8ce560ef860fae78eae24f902982ba98c3b414ac7570fab79f0df28b5ab66e16884',2,1,'Personal Access Token','[\"1\"]',0,'2022-08-17 11:25:49','2022-08-17 11:25:49','2022-08-24 11:25:49'),('6b68f525843affa6213a8e54eac51cbd9a967eed6a1b3c20754233d2cecf0a9a4a8cc457f2b5f95f',2,1,'Personal Access Token','[\"1\"]',0,'2022-08-16 10:36:29','2022-08-16 10:36:29','2022-08-23 10:36:29'),('6cadb628d771ec1eb8f09c128bd3fac84cf80b9e54355947ea6d1bc96fd108747bd7e2897361c5f1',3,1,'Personal Access Token','[\"1\"]',0,'2022-08-15 10:46:10','2022-08-15 10:46:10','2022-08-22 10:46:10'),('74c3415b58d20bf28c63f79790fb2b983e7c42cc50d2bd391b8c607849805aa3f8e047f7c05b7119',2,1,'Personal Access Token','[\"1\"]',0,'2022-08-17 12:59:40','2022-08-17 12:59:40','2022-08-24 12:59:40'),('7d2fdfe02f03d6a31580d6d3047bc1c6832a4ea05e1006f1b78552f381ff5b4b096adbd19d6474f2',2,13,'Personal Access Token','[\"1\"]',0,'2022-09-05 14:11:03','2022-09-05 14:11:03','2022-09-12 14:11:03'),('8243a4ae9c2244081f61692429609d29914905504f48d1b36c13514ce257723e67f398b60c295643',4,1,'Personal Access Token','[\"1\"]',0,'2022-08-17 10:31:47','2022-08-17 10:31:47','2022-08-24 10:31:47'),('898b4de28033cffbe2fba248fe0f677fb673a35933e3f92d5a9d1af066d6cba33aeccbb80fe51575',2,13,'Personal Access Token','[\"1\"]',0,'2022-09-05 13:14:22','2022-09-05 13:14:22','2022-09-12 13:14:22'),('8d35f59f8da9aab53b33e83c56586bd471c6d974f5f524382042c694fe471e3e0dee1d3b9c08208e',5,1,'Personal Access Token','[\"1\"]',0,'2022-08-15 10:48:58','2022-08-15 10:48:58','2022-08-22 10:48:58'),('8de122f8bf530003bc9796fa82ebe89501f46013d5a78be04498fd2c9317dc01c57dc8709938d9c2',2,1,'Personal Access Token','[\"1\"]',0,'2022-08-16 10:20:53','2022-08-16 10:20:53','2022-08-23 10:20:53'),('8e95e7a19d44998caaf0235c99e0bec1d92b2bf3d6cf9f1f7b72b4b800b1ff7c9592aa04d4f09bca',1,1,'Personal Access Token','[]',0,'2022-08-12 12:27:46','2022-08-12 12:27:46','2022-08-19 12:27:46'),('914540629daa3e4c306e0f6e81bf526a3123bee1d660db92b65fef2508f55ff5dd37d52c3715d355',4,1,'Personal Access Token','[\"1\"]',0,'2022-08-16 10:22:11','2022-08-16 10:22:11','2022-08-23 10:22:11'),('9452397a08cb471ebaacf5125a6c0ec96598a5dac2ae9a87b8b3609e567c211d68e839d20d5bf818',5,7,'Personal Access Token','[\"1\"]',0,'2022-08-23 14:46:15','2022-08-23 14:46:15','2022-08-30 14:46:15'),('9eb45a4e65d918965e362decce2daba2e8f1e3f07de8adcebd910666a88efd7f9782035435b43e3b',2,1,'Personal Access Token','[\"1\"]',0,'2022-08-16 10:10:16','2022-08-16 10:10:16','2022-08-23 10:10:16'),('9ff7e6fde0651fbb7a85de08ef9b5b710ddae40834e0a60aea3aede288d9d71bb8219901bd1e2984',12,13,'Personal Access Token','[\"1\"]',0,'2022-09-05 12:59:10','2022-09-05 12:59:10','2022-09-12 12:59:10'),('a232922338c8318b578a34e83e82125da35d77429fab65a99154c6721ddc15de25d4cab0102fce35',12,13,'Personal Access Token','[\"1\"]',0,'2022-09-05 13:32:09','2022-09-05 13:32:09','2022-09-12 13:32:09'),('af0443645ea531cbbbb95c73992ef63ec43df648ff6b74a0141cc828f924d97581ac933a6f3de63b',2,11,'Personal Access Token','[\"1\"]',0,'2022-08-24 11:09:38','2022-08-24 11:09:38','2022-08-31 11:09:38'),('b220e0f8ebf21c47d6f59795361aba2e42ac2f5d4ce19c18eb4307c30db3e6e0d9806743d2b82631',8,7,'Personal Access Token','[]',0,'2022-08-23 13:54:09','2022-08-23 13:54:09','2022-08-30 13:54:09'),('b85b0eeb28e93e67b72d1b4392be3aeb1e9799c2fafd5bf4b6c63ca568dfdfdd902fc619c5c6368c',6,1,'Personal Access Token','[\"1\"]',0,'2022-08-16 09:44:53','2022-08-16 09:44:53','2022-08-23 09:44:53'),('badef919cb7035c1c32c9af48658ae1c79d933aa970ed4c425dce7dab83569ae482d8173acb99573',2,1,'Personal Access Token','[\"1\"]',0,'2022-08-15 10:15:36','2022-08-15 10:15:36','2022-08-22 10:15:36'),('bb981c69d085118f9e1156f680073b9c8caae4c611de8fe7c09a796d03d8a903fb456f6182517d39',3,1,'Personal Access Token','[\"1\"]',0,'2022-08-17 13:12:16','2022-08-17 13:12:16','2022-08-24 13:12:16'),('c009f74354feabd61dfd6c21f8f0530d1c21d08ee707f998233243aeb69ad9bb52a04f63b4e23550',7,5,'Personal Access Token','[]',0,'2022-08-23 13:50:00','2022-08-23 13:50:00','2022-08-30 13:50:01'),('c125e200f4c05cca017f72c942f247d3f02f715082c3f0a30e1f808b2654273fae1e00b3addc0bd6',1,1,'Personal Access Token','[]',0,'2022-08-11 12:43:25','2022-08-11 12:43:25','2022-08-18 12:43:25'),('c71e6938d18aef3328125d422cf3b3ee790f0b9d2f969dd349b349fe93287e224ec3feabcd97b673',4,1,'Personal Access Token','[\"1\"]',0,'2022-08-15 10:31:31','2022-08-15 10:31:31','2022-08-22 10:31:31'),('cb0117e0b8e521984a07385b06536ccd5137e6499088de61d59ef95694486ba6c95ac8a6d45a9bac',2,1,'Personal Access Token','[\"1\"]',0,'2022-08-11 11:04:51','2022-08-11 11:04:51','2022-08-18 11:04:51'),('cba7d11f730bd1ba5e55663f4018661291f0af5bbec1ce7586a6c6c16154deef6908f64121dbdd46',1,1,'Personal Access Token','[]',0,'2022-08-16 10:13:27','2022-08-16 10:13:27','2022-08-23 10:13:27'),('ce267a095dff8201d6c8847e31972649663078ae1baf3268724773f2d6824b849a671bbc8bf53667',3,13,'Personal Access Token','[\"1\"]',0,'2022-09-05 13:43:39','2022-09-05 13:43:39','2022-09-12 13:43:40'),('d7acf84e5943cc841cc3b49b9d6a996c9abeb0c8e2e16b7306707ca622033e2a8a2eba3e283e21db',2,1,'Personal Access Token','[\"1\"]',0,'2022-08-17 12:56:46','2022-08-17 12:56:46','2022-08-24 12:56:46'),('e666882a7684ce0ba56b71f7a9bf8323e5df5bec759581474e449db7320350aa81ad2f753abff9a4',13,13,'Personal Access Token','[\"1\"]',0,'2022-09-05 13:56:33','2022-09-05 13:56:33','2022-09-12 13:56:33'),('ed34d28db4c5bc8aee845980b4ea36db3472937937a8cd75c5756605512fd8a61f742b21b2f592e3',2,1,'Personal Access Token','[\"1\"]',0,'2022-08-17 10:28:31','2022-08-17 10:28:31','2022-08-24 10:28:31'),('f246db09846cb0732aa1ca2c1ebf5bf73cb5b78d3bdfdabd3429f6d7e0114471c5378320ccdbb3d0',3,1,'Personal Access Token','[\"1\"]',0,'2022-08-15 10:21:41','2022-08-15 10:21:41','2022-08-22 10:21:41'),('fcb76cc16358d5e47bcbe1f651a8002fe0d414af0c9b75a9c9e91e00b53f27a4cfa3e659df493e90',4,1,'Personal Access Token','[\"1\"]',0,'2022-08-17 13:10:39','2022-08-17 13:10:39','2022-08-24 13:10:39');
/*!40000 ALTER TABLE `oauth_access_tokens` ENABLE KEYS */;
UNLOCK TABLES;

--
-- Table structure for table `oauth_auth_codes`
--

DROP TABLE IF EXISTS `oauth_auth_codes`;
/*!40101 SET @saved_cs_client     = @@character_set_client */;
/*!50503 SET character_set_client = utf8mb4 */;
CREATE TABLE `oauth_auth_codes` (
  `id` varchar(100) CHARACTER SET utf8mb4 COLLATE utf8mb4_unicode_ci NOT NULL,
  `user_id` bigint unsigned NOT NULL,
  `client_id` bigint unsigned NOT NULL,
  `scopes` text CHARACTER SET utf8mb4 COLLATE utf8mb4_unicode_ci,
  `revoked` tinyint(1) NOT NULL,
  `expires_at` datetime DEFAULT NULL,
  PRIMARY KEY (`id`),
  KEY `oauth_auth_codes_user_id_index` (`user_id`)
) ENGINE=InnoDB DEFAULT CHARSET=utf8mb4 COLLATE=utf8mb4_unicode_ci;
/*!40101 SET character_set_client = @saved_cs_client */;

--
-- Dumping data for table `oauth_auth_codes`
--

LOCK TABLES `oauth_auth_codes` WRITE;
/*!40000 ALTER TABLE `oauth_auth_codes` DISABLE KEYS */;
/*!40000 ALTER TABLE `oauth_auth_codes` ENABLE KEYS */;
UNLOCK TABLES;

--
-- Table structure for table `oauth_clients`
--

DROP TABLE IF EXISTS `oauth_clients`;
/*!40101 SET @saved_cs_client     = @@character_set_client */;
/*!50503 SET character_set_client = utf8mb4 */;
CREATE TABLE `oauth_clients` (
  `id` bigint unsigned NOT NULL AUTO_INCREMENT,
  `user_id` bigint unsigned DEFAULT NULL,
  `name` varchar(255) CHARACTER SET utf8mb4 COLLATE utf8mb4_unicode_ci NOT NULL,
  `secret` varchar(100) CHARACTER SET utf8mb4 COLLATE utf8mb4_unicode_ci DEFAULT NULL,
  `provider` varchar(255) CHARACTER SET utf8mb4 COLLATE utf8mb4_unicode_ci DEFAULT NULL,
  `redirect` text CHARACTER SET utf8mb4 COLLATE utf8mb4_unicode_ci NOT NULL,
  `personal_access_client` tinyint(1) NOT NULL,
  `password_client` tinyint(1) NOT NULL,
  `revoked` tinyint(1) NOT NULL,
  `created_at` timestamp NULL DEFAULT NULL,
  `updated_at` timestamp NULL DEFAULT NULL,
  PRIMARY KEY (`id`),
  KEY `oauth_clients_user_id_index` (`user_id`)
) ENGINE=InnoDB AUTO_INCREMENT=23 DEFAULT CHARSET=utf8mb4 COLLATE=utf8mb4_unicode_ci;
/*!40101 SET character_set_client = @saved_cs_client */;

--
-- Dumping data for table `oauth_clients`
--

LOCK TABLES `oauth_clients` WRITE;
/*!40000 ALTER TABLE `oauth_clients` DISABLE KEYS */;
INSERT INTO `oauth_clients` VALUES (1,NULL,'Laravel Personal Access Client','vAjUCdtuqFUZq271O6jzdKPPK8rniR88iXhLavLc',NULL,'http://localhost',1,0,0,'2022-08-10 12:37:09','2022-08-10 12:37:09'),(2,NULL,'Laravel Password Grant Client','zPgvAEuoQ3W3JVraKyMyQG1s72Zj6E7HQ90P5LMK','users','http://localhost',0,1,0,'2022-08-10 12:37:09','2022-08-10 12:37:09'),(3,NULL,'Laravel Personal Access Client','xUHclvGoBQkkH85hUQzu161b1zF9OX5R4Fkl6Tpo',NULL,'http://localhost',1,0,0,'2022-08-23 13:40:37','2022-08-23 13:40:37'),(4,NULL,'Laravel Password Grant Client','Fb4DtqHGG5CvVLbcdnWd8XFatMT79ov2wz9eBvzK','users','http://localhost',0,1,0,'2022-08-23 13:40:38','2022-08-23 13:40:38'),(5,NULL,'Laravel Personal Access Client','82lJthObydKpaDeDaUbT5VvOMsDKjVBp5bQY7B0V',NULL,'http://localhost',1,0,0,'2022-08-23 13:49:33','2022-08-23 13:49:33'),(6,NULL,'Laravel Password Grant Client','HH9woGhAzkKgC2r8uXRP979Fzrc3IpbVXnco9x83','users','http://localhost',0,1,0,'2022-08-23 13:49:34','2022-08-23 13:49:34'),(7,NULL,'Laravel Personal Access Client','NEeUUUM3g0boKDE8zxdTDxFbMtDpo1MwJbvLp9B1',NULL,'http://localhost',1,0,0,'2022-08-23 13:54:00','2022-08-23 13:54:00'),(8,NULL,'Laravel Password Grant Client','3SlSSMxorEZbYEeOT2jHwhs6kqIl2bE2dOJzRSZR','users','http://localhost',0,1,0,'2022-08-23 13:54:00','2022-08-23 13:54:00'),(9,NULL,'Laravel Personal Access Client','k0BKlbhF7mq02iqAwx5GRNV0b34R2PH5hqrqrUGE',NULL,'http://localhost',1,0,0,'2022-08-24 09:37:38','2022-08-24 09:37:38'),(10,NULL,'Laravel Password Grant Client','q2dDrD8oS6aMVR2hIfdiLOE78wVPkY7keAjWtBeT','users','http://localhost',0,1,0,'2022-08-24 09:37:38','2022-08-24 09:37:38'),(11,NULL,'Laravel Personal Access Client','8uWltiA6EbqzdX8im9YG1FCf68oalYJ4IQZO8WRv',NULL,'http://localhost',1,0,0,'2022-08-24 09:41:31','2022-08-24 09:41:31'),(12,NULL,'Laravel Password Grant Client','TNxFUEqe0slJVJM1n71nndjDutjNxgrpOJW0O3fX','users','http://localhost',0,1,0,'2022-08-24 09:41:32','2022-08-24 09:41:32'),(13,NULL,'Laravel Personal Access Client','4cNngvHZf06hX0iVHeFfr93cXMUEl1d98SZhkDo4',NULL,'http://localhost',1,0,0,'2022-09-05 12:57:24','2022-09-05 12:57:24'),(14,NULL,'Laravel Password Grant Client','o01vDKgi4JmOje0xwva1V0ObU6hnt9RtCJG0tZqt','users','http://localhost',0,1,0,'2022-09-05 12:57:24','2022-09-05 12:57:24'),(15,NULL,'Laravel Personal Access Client','BulQo45pTR8EI6bXGheVa0qRXFvSuadS3edGTh7z',NULL,'http://localhost',1,0,0,'2022-09-30 09:33:45','2022-09-30 09:33:45'),(16,NULL,'Laravel Password Grant Client','aM1Ck3jdkXgoCkIyDd1iKfmFU08kwVYpFRnK51IR','users','http://localhost',0,1,0,'2022-09-30 09:33:45','2022-09-30 09:33:45'),(17,NULL,'Laravel Personal Access Client','lYqi2SkqYS1WLzvRacIXDl7yJFh2zUWYCswiyscm',NULL,'http://localhost',1,0,0,'2022-09-30 09:38:25','2022-09-30 09:38:25'),(18,NULL,'Laravel Password Grant Client','PEoVfBDM46iDZTaJbQfFDo26VBLOn999vzppzHF0','users','http://localhost',0,1,0,'2022-09-30 09:38:25','2022-09-30 09:38:25'),(19,NULL,'Laravel Personal Access Client','o5V8mKLGKP3iJTP6ngJkzYyJRJq4PAnDOq2Cbsez',NULL,'http://localhost',1,0,0,'2022-10-20 09:40:01','2022-10-20 09:40:01'),(20,NULL,'Laravel Password Grant Client','6sen07pGFQJebPnMhTeDQnWGjbA1KDQXJOlTM2M4','users','http://localhost',0,1,0,'2022-10-20 09:40:01','2022-10-20 09:40:01'),(21,NULL,'Laravel Personal Access Client','6Qfhi8od1Dsjopi8aX20ViMyyUB48ihuqA7hyJ4q',NULL,'http://localhost',1,0,0,'2022-10-24 10:02:21','2022-10-24 10:02:21'),(22,NULL,'Laravel Password Grant Client','L6Y5fzq3QMeFwS1TSSyadH4SiaO9qdLGD6d181QY','users','http://localhost',0,1,0,'2022-10-24 10:02:21','2022-10-24 10:02:21');
/*!40000 ALTER TABLE `oauth_clients` ENABLE KEYS */;
UNLOCK TABLES;

--
-- Table structure for table `oauth_personal_access_clients`
--

DROP TABLE IF EXISTS `oauth_personal_access_clients`;
/*!40101 SET @saved_cs_client     = @@character_set_client */;
/*!50503 SET character_set_client = utf8mb4 */;
CREATE TABLE `oauth_personal_access_clients` (
  `id` bigint unsigned NOT NULL AUTO_INCREMENT,
  `client_id` bigint unsigned NOT NULL,
  `created_at` timestamp NULL DEFAULT NULL,
  `updated_at` timestamp NULL DEFAULT NULL,
  PRIMARY KEY (`id`)
) ENGINE=InnoDB AUTO_INCREMENT=12 DEFAULT CHARSET=utf8mb4 COLLATE=utf8mb4_unicode_ci;
/*!40101 SET character_set_client = @saved_cs_client */;

--
-- Dumping data for table `oauth_personal_access_clients`
--

LOCK TABLES `oauth_personal_access_clients` WRITE;
/*!40000 ALTER TABLE `oauth_personal_access_clients` DISABLE KEYS */;
INSERT INTO `oauth_personal_access_clients` VALUES (1,1,'2022-08-10 12:37:09','2022-08-10 12:37:09'),(2,3,'2022-08-23 13:40:37','2022-08-23 13:40:37'),(3,5,'2022-08-23 13:49:34','2022-08-23 13:49:34'),(4,7,'2022-08-23 13:54:00','2022-08-23 13:54:00'),(5,9,'2022-08-24 09:37:38','2022-08-24 09:37:38'),(6,11,'2022-08-24 09:41:31','2022-08-24 09:41:31'),(7,13,'2022-09-05 12:57:24','2022-09-05 12:57:24'),(8,15,'2022-09-30 09:33:45','2022-09-30 09:33:45'),(9,17,'2022-09-30 09:38:25','2022-09-30 09:38:25'),(10,19,'2022-10-20 09:40:01','2022-10-20 09:40:01'),(11,21,'2022-10-24 10:02:21','2022-10-24 10:02:21');
/*!40000 ALTER TABLE `oauth_personal_access_clients` ENABLE KEYS */;
UNLOCK TABLES;

--
-- Table structure for table `oauth_refresh_tokens`
--

DROP TABLE IF EXISTS `oauth_refresh_tokens`;
/*!40101 SET @saved_cs_client     = @@character_set_client */;
/*!50503 SET character_set_client = utf8mb4 */;
CREATE TABLE `oauth_refresh_tokens` (
  `id` varchar(100) CHARACTER SET utf8mb4 COLLATE utf8mb4_unicode_ci NOT NULL,
  `access_token_id` varchar(100) CHARACTER SET utf8mb4 COLLATE utf8mb4_unicode_ci NOT NULL,
  `revoked` tinyint(1) NOT NULL,
  `expires_at` datetime DEFAULT NULL,
  PRIMARY KEY (`id`),
  KEY `oauth_refresh_tokens_access_token_id_index` (`access_token_id`)
) ENGINE=InnoDB DEFAULT CHARSET=utf8mb4 COLLATE=utf8mb4_unicode_ci;
/*!40101 SET character_set_client = @saved_cs_client */;

--
-- Dumping data for table `oauth_refresh_tokens`
--

LOCK TABLES `oauth_refresh_tokens` WRITE;
/*!40000 ALTER TABLE `oauth_refresh_tokens` DISABLE KEYS */;
/*!40000 ALTER TABLE `oauth_refresh_tokens` ENABLE KEYS */;
UNLOCK TABLES;

--
-- Table structure for table `password_resets`
--

DROP TABLE IF EXISTS `password_resets`;
/*!40101 SET @saved_cs_client     = @@character_set_client */;
/*!50503 SET character_set_client = utf8mb4 */;
CREATE TABLE `password_resets` (
  `email` varchar(255) CHARACTER SET utf8mb4 COLLATE utf8mb4_unicode_ci NOT NULL,
  `token` varchar(255) CHARACTER SET utf8mb4 COLLATE utf8mb4_unicode_ci NOT NULL,
  `created_at` timestamp NULL DEFAULT NULL,
  KEY `password_resets_email_index` (`email`)
) ENGINE=InnoDB DEFAULT CHARSET=utf8mb4 COLLATE=utf8mb4_unicode_ci;
/*!40101 SET character_set_client = @saved_cs_client */;

--
-- Dumping data for table `password_resets`
--

LOCK TABLES `password_resets` WRITE;
/*!40000 ALTER TABLE `password_resets` DISABLE KEYS */;
/*!40000 ALTER TABLE `password_resets` ENABLE KEYS */;
UNLOCK TABLES;

--
-- Table structure for table `questions`
--

DROP TABLE IF EXISTS `questions`;
/*!40101 SET @saved_cs_client     = @@character_set_client */;
/*!50503 SET character_set_client = utf8mb4 */;
CREATE TABLE `questions` (
  `id` bigint unsigned NOT NULL AUTO_INCREMENT,
  `quiz_id` bigint unsigned NOT NULL,
  `text` varchar(255) CHARACTER SET utf8mb4 COLLATE utf8mb4_unicode_ci NOT NULL,
  `helpText` varchar(255) CHARACTER SET utf8mb4 COLLATE utf8mb4_unicode_ci DEFAULT NULL,
  `ordinal` int NOT NULL,
  `created_at` timestamp NULL DEFAULT NULL,
  `updated_at` timestamp NULL DEFAULT NULL,
  `image_url` varchar(255) CHARACTER SET utf8mb4 COLLATE utf8mb4_unicode_ci DEFAULT NULL,
  `video_url` varchar(255) CHARACTER SET utf8mb4 COLLATE utf8mb4_unicode_ci DEFAULT NULL,
  PRIMARY KEY (`id`),
  KEY `questions_quiz_id_foreign` (`quiz_id`),
  CONSTRAINT `questions_quiz_id_foreign` FOREIGN KEY (`quiz_id`) REFERENCES `quizzes` (`id`) ON DELETE CASCADE
) ENGINE=InnoDB AUTO_INCREMENT=76 DEFAULT CHARSET=utf8mb4 COLLATE=utf8mb4_unicode_ci;
/*!40101 SET character_set_client = @saved_cs_client */;

--
-- Dumping data for table `questions`
--

LOCK TABLES `questions` WRITE;
/*!40000 ALTER TABLE `questions` DISABLE KEYS */;
INSERT INTO `questions` VALUES (12,4,'77 / 7',NULL,0,'2022-08-15 10:52:16','2022-08-15 10:52:16',NULL,NULL),(13,4,'45 x What is 1080',NULL,1,'2022-08-15 10:52:16','2022-08-15 10:52:16',NULL,NULL),(28,5,'How many wives did Henry VIII have?','Henry VIII King of England (1491-1547)',0,'2022-08-23 14:59:41','2022-08-23 14:59:41',NULL,NULL),(29,5,'How long was the \'Hundred Year War\'',NULL,1,'2022-08-23 14:59:41','2022-08-23 14:59:41',NULL,NULL),(30,5,'In which year was the steam engine patented?',NULL,2,'2022-08-23 14:59:41','2022-08-23 14:59:41',NULL,NULL),(31,6,'Which element has the atomic number 2?',NULL,0,'2022-08-24 11:05:03','2022-08-24 11:05:03',NULL,NULL),(32,6,'Which common chemical has the atomic structure H20',NULL,1,'2022-08-24 11:05:03','2022-08-24 11:05:03',NULL,NULL),(33,6,'Mendelevium is named after which scientist?',NULL,2,'2022-08-24 11:05:03','2022-08-24 11:05:03','',NULL),(34,6,'How many groups are in the periodic table?',NULL,3,'2022-08-24 11:05:03','2022-08-24 11:05:03',NULL,NULL),(35,6,'What type of organic chemistry group does this image represent?',NULL,4,'2022-08-24 11:05:03','2022-08-24 11:05:03','https://untitled-quiz-app-images.s3.eu-west-1.amazonaws.com/profile-images/DhLo2TRCWBFSTfPpG8a4tUVAzvkYD7fRYFL3TrD9.png',NULL),(42,7,'In the 2022/23 season who played with the number 14 shirt?',NULL,0,'2022-09-05 13:12:47','2022-09-05 13:12:47',NULL,NULL),(43,7,'Who is Arsenal top scorer in the PL era?','Since the inception of the premier league in 1992',1,'2022-09-05 13:12:47','2022-09-05 13:12:47',NULL,NULL),(44,7,'Who did Arsenal sign from Zenit St Petersburg in 2009?',NULL,2,'2022-09-05 13:12:47','2022-09-05 13:12:47',NULL,NULL),(45,7,'Which of these two players had more assists for Arsenal?',NULL,3,'2022-09-05 13:12:47','2022-09-05 13:12:47',NULL,NULL),(46,7,'Who has the most appearances for Arsenal all time',NULL,4,'2022-09-05 13:12:47','2022-09-05 13:12:47',NULL,NULL),(53,1,'Who won the league last year?',NULL,0,'2022-09-05 13:24:22','2022-09-05 13:24:22',NULL,NULL),(54,1,'Who started managing Aton Villa in November 2021?',NULL,1,'2022-09-05 13:24:22','2022-09-05 13:24:22',NULL,NULL),(55,1,'Which team won the 2022 Super Bowl?',NULL,2,'2022-09-05 13:24:22','2022-09-05 13:24:22',NULL,NULL),(56,1,'Which sport does Patrick Mahomes play?',NULL,3,'2022-09-05 13:24:22','2022-09-05 13:24:22',NULL,NULL),(57,1,'In which year did the Premier League begin?',NULL,4,'2022-09-05 13:24:22','2022-09-05 13:24:22',NULL,NULL),(58,1,'In which sport would you win the Stanley Cup?',NULL,5,'2022-09-05 13:24:22','2022-09-05 13:24:22',NULL,NULL),(59,8,'What was the name of the first jet aircraft?',NULL,0,'2022-09-05 13:41:54','2022-09-05 13:41:54',NULL,NULL),(60,8,'Identify this plane',NULL,1,'2022-09-05 13:41:54','2022-09-05 13:41:54','https://untitled-quiz-app-images.s3.eu-west-1.amazonaws.com/profile-images/z7upgEBUOCfgKbctMMTudLe9A8j2frIwY42fWnoZ.jpg',NULL),(61,8,'In which war did flying ace \'The Red Baron\' take part?',NULL,2,'2022-09-05 13:41:54','2022-09-05 13:41:54',NULL,NULL),(62,8,'Which plane was first man in space Yuri Gagarin flying when he died?',NULL,3,'2022-09-05 13:41:54','2022-09-05 13:41:54',NULL,NULL),(63,8,'Mach 1 is equal to which other measurement of speed?',NULL,4,'2022-09-05 13:41:54','2022-09-05 13:41:54',NULL,NULL),(64,2,'What is the capital of Thailand?',NULL,0,'2022-09-05 13:44:09','2022-09-05 13:44:09',NULL,NULL),(65,2,'Which country has the capital La Paz?',NULL,1,'2022-09-05 13:44:09','2022-09-05 13:44:09',NULL,NULL),(66,2,'What is the Capital of Australia?',NULL,2,'2022-09-05 13:44:09','2022-09-05 13:44:09',NULL,NULL),(67,2,'Which country has the capital Tbilisi?',NULL,3,'2022-09-05 13:44:09','2022-09-05 13:44:09',NULL,NULL),(68,3,'In which year did the Nirvana album Nevermind come out?',NULL,0,'2022-09-05 13:53:02','2022-09-05 13:53:02',NULL,NULL),(69,3,'Complete this Spice girls song title Spice up your...',NULL,1,'2022-09-05 13:53:02','2022-09-05 13:53:02',NULL,NULL),(70,3,'Which band released the song \'Step On\' in 1990',NULL,2,'2022-09-05 13:53:02','2022-09-05 13:53:02',NULL,NULL),(71,3,'Which album did NME select as the best album of 1994',NULL,3,'2022-09-05 13:53:02','2022-09-05 13:53:02',NULL,NULL),(72,3,'Which big in the 90\'s group contained the member Tionne \'T-Boz\' Watkins',NULL,4,'2022-09-05 13:53:02','2022-09-05 13:53:02',NULL,NULL),(73,9,'Name this game?',NULL,0,'2022-09-05 14:03:14','2022-09-05 14:03:14','https://untitled-quiz-app-images.s3.eu-west-1.amazonaws.com/profile-images/tiFzNp7DCVP2CZEAZtU13kZRQNQvWAzLdfDpoFLy.jpg',NULL),(74,9,'Name this game?',NULL,1,'2022-09-05 14:03:14','2022-09-05 14:03:14','https://untitled-quiz-app-images.s3.eu-west-1.amazonaws.com/profile-images/n12yMnVwJmzBoaaPxnAhwlCINOr3M1xL6EPuUcjN.jpg',NULL),(75,9,'Name this game?',NULL,2,'2022-09-05 14:03:14','2022-09-05 14:03:14','https://untitled-quiz-app-images.s3.eu-west-1.amazonaws.com/profile-images/FyZgKRgbQmxb7ETh8Nk6ODG8bV0G2zlafB6nGUsW.jpg',NULL);
/*!40000 ALTER TABLE `questions` ENABLE KEYS */;
UNLOCK TABLES;

--
-- Table structure for table `quiz_bans`
--

DROP TABLE IF EXISTS `quiz_bans`;
/*!40101 SET @saved_cs_client     = @@character_set_client */;
/*!50503 SET character_set_client = utf8mb4 */;
CREATE TABLE `quiz_bans` (
  `id` bigint unsigned NOT NULL AUTO_INCREMENT,
  `quiz_id` bigint unsigned NOT NULL,
  `admin_id` bigint unsigned NOT NULL,
  `reason` varchar(255) CHARACTER SET utf8mb4 COLLATE utf8mb4_unicode_ci NOT NULL,
  `created_at` timestamp NULL DEFAULT NULL,
  `updated_at` timestamp NULL DEFAULT NULL,
  PRIMARY KEY (`id`),
  KEY `quiz_bans_quiz_id_foreign` (`quiz_id`),
  KEY `quiz_bans_admin_id_foreign` (`admin_id`),
  CONSTRAINT `quiz_bans_admin_id_foreign` FOREIGN KEY (`admin_id`) REFERENCES `users` (`id`),
  CONSTRAINT `quiz_bans_quiz_id_foreign` FOREIGN KEY (`quiz_id`) REFERENCES `quizzes` (`id`) ON DELETE CASCADE
) ENGINE=InnoDB AUTO_INCREMENT=19 DEFAULT CHARSET=utf8mb4 COLLATE=utf8mb4_unicode_ci;
/*!40101 SET character_set_client = @saved_cs_client */;

--
-- Dumping data for table `quiz_bans`
--

LOCK TABLES `quiz_bans` WRITE;
/*!40000 ALTER TABLE `quiz_bans` DISABLE KEYS */;
/*!40000 ALTER TABLE `quiz_bans` ENABLE KEYS */;
UNLOCK TABLES;

--
-- Table structure for table `quiz_collaborators`
--

DROP TABLE IF EXISTS `quiz_collaborators`;
/*!40101 SET @saved_cs_client     = @@character_set_client */;
/*!50503 SET character_set_client = utf8mb4 */;
CREATE TABLE `quiz_collaborators` (
  `id` bigint unsigned NOT NULL AUTO_INCREMENT,
  `quiz_id` bigint unsigned NOT NULL,
  `user_id` bigint unsigned NOT NULL,
  `created_at` timestamp NULL DEFAULT NULL,
  `updated_at` timestamp NULL DEFAULT NULL,
  PRIMARY KEY (`id`),
  UNIQUE KEY `quiz_collaborators_quiz_id_user_id_unique` (`quiz_id`,`user_id`),
  KEY `quiz_collaborators_user_id_foreign` (`user_id`),
  CONSTRAINT `quiz_collaborators_quiz_id_foreign` FOREIGN KEY (`quiz_id`) REFERENCES `quizzes` (`id`) ON DELETE CASCADE,
  CONSTRAINT `quiz_collaborators_user_id_foreign` FOREIGN KEY (`user_id`) REFERENCES `users` (`id`) ON DELETE CASCADE
) ENGINE=InnoDB DEFAULT CHARSET=utf8mb4 COLLATE=utf8mb4_unicode_ci;
/*!40101 SET character_set_client = @saved_cs_client */;

--
-- Dumping data for table `quiz_collaborators`
--

LOCK TABLES `quiz_collaborators` WRITE;
/*!40000 ALTER TABLE `quiz_collaborators` DISABLE KEYS */;
/*!40000 ALTER TABLE `quiz_collaborators` ENABLE KEYS */;
UNLOCK TABLES;

--
-- Table structure for table `quiz_tag`
--

DROP TABLE IF EXISTS `quiz_tag`;
/*!40101 SET @saved_cs_client     = @@character_set_client */;
/*!50503 SET character_set_client = utf8mb4 */;
CREATE TABLE `quiz_tag` (
  `id` bigint unsigned NOT NULL AUTO_INCREMENT,
  `quiz_id` bigint unsigned NOT NULL,
  `tag_id` bigint unsigned NOT NULL,
  `created_at` timestamp NULL DEFAULT NULL,
  `updated_at` timestamp NULL DEFAULT NULL,
  PRIMARY KEY (`id`),
  UNIQUE KEY `quiz_tag_quiz_id_tag_id_unique` (`quiz_id`,`tag_id`),
  KEY `quiz_tag_tag_id_foreign` (`tag_id`),
  CONSTRAINT `quiz_tag_quiz_id_foreign` FOREIGN KEY (`quiz_id`) REFERENCES `quizzes` (`id`) ON DELETE CASCADE,
  CONSTRAINT `quiz_tag_tag_id_foreign` FOREIGN KEY (`tag_id`) REFERENCES `tags` (`id`) ON DELETE CASCADE
) ENGINE=InnoDB AUTO_INCREMENT=11 DEFAULT CHARSET=utf8mb4 COLLATE=utf8mb4_unicode_ci;
/*!40101 SET character_set_client = @saved_cs_client */;

--
-- Dumping data for table `quiz_tag`
--

LOCK TABLES `quiz_tag` WRITE;
/*!40000 ALTER TABLE `quiz_tag` DISABLE KEYS */;
INSERT INTO `quiz_tag` VALUES (1,1,2,'2022-08-11 11:07:20','2022-08-11 11:07:20'),(2,2,6,'2022-08-15 10:28:27','2022-08-15 10:28:27'),(3,3,3,'2022-08-15 10:35:36','2022-08-15 10:35:36'),(4,6,4,'2022-08-16 10:08:45','2022-08-16 10:08:45'),(5,7,2,'2022-09-05 13:12:48','2022-09-05 13:12:48'),(6,8,4,'2022-09-05 13:41:54','2022-09-05 13:41:54'),(7,8,5,'2022-09-05 13:41:54','2022-09-05 13:41:54'),(8,8,1,'2022-09-05 13:41:54','2022-09-05 13:41:54'),(9,9,1,'2022-09-05 14:03:15','2022-09-05 14:03:15'),(10,9,7,'2022-09-05 14:03:15','2022-09-05 14:03:15');
/*!40000 ALTER TABLE `quiz_tag` ENABLE KEYS */;
UNLOCK TABLES;

--
-- Table structure for table `quizzes`
--

DROP TABLE IF EXISTS `quizzes`;
/*!40101 SET @saved_cs_client     = @@character_set_client */;
/*!50503 SET character_set_client = utf8mb4 */;
CREATE TABLE `quizzes` (
  `id` bigint unsigned NOT NULL AUTO_INCREMENT,
  `user_id` bigint unsigned NOT NULL,
  `title` varchar(255) CHARACTER SET utf8mb4 COLLATE utf8mb4_unicode_ci NOT NULL,
  `description` varchar(255) CHARACTER SET utf8mb4 COLLATE utf8mb4_unicode_ci NOT NULL,
  `recommended` tinyint(1) NOT NULL DEFAULT '0',
  `published` tinyint(1) NOT NULL DEFAULT '0',
  `created_at` timestamp NULL DEFAULT NULL,
  `updated_at` timestamp NULL DEFAULT NULL,
  PRIMARY KEY (`id`)
) ENGINE=InnoDB AUTO_INCREMENT=10 DEFAULT CHARSET=utf8mb4 COLLATE=utf8mb4_unicode_ci;
/*!40101 SET character_set_client = @saved_cs_client */;

--
-- Dumping data for table `quizzes`
--

LOCK TABLES `quizzes` WRITE;
/*!40000 ALTER TABLE `quizzes` DISABLE KEYS */;
INSERT INTO `quizzes` VALUES (1,2,'Toms sports quiz','A sports based quiz',0,1,'2022-08-11 11:07:20','2022-08-11 11:07:20'),(2,3,'Capital cities quiz','Can you identify these capital cities?',1,1,'2022-08-15 10:28:26','2022-08-16 10:13:35'),(3,4,'Hits of the 90\'s','All about music from the 90\'s',1,1,'2022-08-15 10:35:36','2022-08-16 10:13:53'),(4,5,'Maths Quiz','A simple maths quiz',0,1,'2022-08-15 10:52:16','2022-08-15 10:52:16'),(5,5,'British history quiz','A quiz all about British history',0,1,'2022-08-15 11:00:14','2022-08-15 11:00:14'),(6,6,'Mikes Science Quiz','A science quiz',0,1,'2022-08-16 10:08:45','2022-08-16 10:08:45'),(7,12,'Arsenal players past & present','A quiz all about Arsenal',0,1,'2022-09-05 13:12:47','2022-09-05 13:12:47'),(8,12,'Aviation Quiz','A quiz all about aviaion?',0,1,'2022-09-05 13:41:54','2022-09-05 13:41:54'),(9,13,'Identify the toy','Can you identify all these toys?',0,1,'2022-09-05 14:03:14','2022-09-05 14:03:14');
/*!40000 ALTER TABLE `quizzes` ENABLE KEYS */;
UNLOCK TABLES;

--
-- Table structure for table `roles`
--

DROP TABLE IF EXISTS `roles`;
/*!40101 SET @saved_cs_client     = @@character_set_client */;
/*!50503 SET character_set_client = utf8mb4 */;
CREATE TABLE `roles` (
  `user_id` bigint unsigned NOT NULL,
  `role` varchar(255) CHARACTER SET utf8mb4 COLLATE utf8mb4_unicode_ci NOT NULL,
  PRIMARY KEY (`user_id`,`role`),
  CONSTRAINT `roles_user_id_foreign` FOREIGN KEY (`user_id`) REFERENCES `users` (`id`) ON DELETE CASCADE
) ENGINE=InnoDB DEFAULT CHARSET=utf8mb4 COLLATE=utf8mb4_unicode_ci;
/*!40101 SET character_set_client = @saved_cs_client */;

--
-- Dumping data for table `roles`
--

LOCK TABLES `roles` WRITE;
/*!40000 ALTER TABLE `roles` DISABLE KEYS */;
INSERT INTO `roles` VALUES (2,'1'),(3,'1'),(4,'1'),(5,'1'),(6,'1'),(12,'1'),(13,'1');
/*!40000 ALTER TABLE `roles` ENABLE KEYS */;
UNLOCK TABLES;

--
-- Table structure for table `scores`
--

DROP TABLE IF EXISTS `scores`;
/*!40101 SET @saved_cs_client     = @@character_set_client */;
/*!50503 SET character_set_client = utf8mb4 */;
CREATE TABLE `scores` (
  `id` bigint unsigned NOT NULL AUTO_INCREMENT,
  `user_id` bigint unsigned NOT NULL,
  `quiz_id` bigint unsigned NOT NULL,
  `score` int NOT NULL,
  `score_percent` decimal(5,2) NOT NULL,
  `created_at` timestamp NULL DEFAULT NULL,
  `updated_at` timestamp NULL DEFAULT NULL,
  PRIMARY KEY (`id`),
  KEY `scores_user_id_foreign` (`user_id`),
  KEY `scores_quiz_id_foreign` (`quiz_id`),
  CONSTRAINT `scores_quiz_id_foreign` FOREIGN KEY (`quiz_id`) REFERENCES `quizzes` (`id`) ON DELETE CASCADE,
  CONSTRAINT `scores_user_id_foreign` FOREIGN KEY (`user_id`) REFERENCES `users` (`id`) ON DELETE CASCADE
) ENGINE=InnoDB AUTO_INCREMENT=31 DEFAULT CHARSET=utf8mb4 COLLATE=utf8mb4_unicode_ci;
/*!40101 SET character_set_client = @saved_cs_client */;

--
-- Dumping data for table `scores`
--

LOCK TABLES `scores` WRITE;
/*!40000 ALTER TABLE `scores` DISABLE KEYS */;
INSERT INTO `scores` VALUES (1,2,1,1,100.00,'2022-08-11 11:07:30','2022-08-11 11:07:30'),(2,3,1,0,0.00,'2022-08-11 11:59:58','2022-08-11 11:59:58'),(3,3,1,1,100.00,'2022-08-11 12:00:33','2022-08-11 12:00:33'),(5,4,2,2,50.00,'2022-08-15 10:41:02','2022-08-15 10:41:02'),(6,6,1,2,66.67,'2022-08-16 09:45:32','2022-08-16 09:45:32'),(7,6,5,2,66.67,'2022-08-16 09:54:45','2022-08-16 09:54:45'),(8,6,3,2,66.67,'2022-08-16 09:59:18','2022-08-16 09:59:18'),(9,6,4,2,100.00,'2022-08-16 10:03:09','2022-08-16 10:03:09'),(10,2,3,2,66.67,'2022-08-17 13:06:13','2022-08-17 13:06:13'),(11,5,3,1,33.33,'2022-08-17 13:10:01','2022-08-17 13:10:01'),(12,4,3,3,100.00,'2022-08-17 13:11:18','2022-08-17 13:11:18'),(13,3,3,0,0.00,'2022-08-17 13:12:28','2022-08-17 13:12:28'),(14,6,6,3,60.00,'2022-08-24 11:05:17','2022-08-24 11:05:17'),(15,12,1,3,50.00,'2022-09-05 13:13:11','2022-09-05 13:13:11'),(16,12,6,2,40.00,'2022-09-05 13:13:35','2022-09-05 13:13:35'),(17,12,4,0,0.00,'2022-09-05 13:42:11','2022-09-05 13:42:11'),(18,12,2,2,50.00,'2022-09-05 13:43:22','2022-09-05 13:43:22'),(19,4,8,4,80.00,'2022-09-05 13:53:36','2022-09-05 13:53:36'),(20,4,7,5,100.00,'2022-09-05 13:54:11','2022-09-05 13:54:11'),(21,4,6,0,0.00,'2022-09-05 13:54:49','2022-09-05 13:54:49'),(22,13,1,4,66.67,'2022-09-05 14:03:50','2022-09-05 14:03:50'),(23,13,7,2,40.00,'2022-09-05 14:04:11','2022-09-05 14:04:11'),(24,13,8,3,60.00,'2022-09-05 14:04:37','2022-09-05 14:04:37'),(25,13,4,1,50.00,'2022-09-05 14:04:55','2022-09-05 14:04:55'),(26,13,5,2,66.67,'2022-09-05 14:09:57','2022-09-05 14:09:57'),(27,13,3,4,80.00,'2022-09-05 14:10:33','2022-09-05 14:10:33'),(28,2,7,3,60.00,'2022-09-05 14:11:30','2022-09-05 14:11:30'),(29,2,8,5,100.00,'2022-09-05 14:12:14','2022-09-05 14:12:14'),(30,2,9,3,100.00,'2022-09-05 14:12:56','2022-09-05 14:12:56');
/*!40000 ALTER TABLE `scores` ENABLE KEYS */;
UNLOCK TABLES;

--
-- Table structure for table `tags`
--

DROP TABLE IF EXISTS `tags`;
/*!40101 SET @saved_cs_client     = @@character_set_client */;
/*!50503 SET character_set_client = utf8mb4 */;
CREATE TABLE `tags` (
  `id` bigint unsigned NOT NULL AUTO_INCREMENT,
  `name` varchar(255) CHARACTER SET utf8mb4 COLLATE utf8mb4_unicode_ci NOT NULL,
  `created_at` timestamp NULL DEFAULT NULL,
  `updated_at` timestamp NULL DEFAULT NULL,
  PRIMARY KEY (`id`)
) ENGINE=InnoDB AUTO_INCREMENT=9 DEFAULT CHARSET=utf8mb4 COLLATE=utf8mb4_unicode_ci;
/*!40101 SET character_set_client = @saved_cs_client */;

--
-- Dumping data for table `tags`
--

LOCK TABLES `tags` WRITE;
/*!40000 ALTER TABLE `tags` DISABLE KEYS */;
INSERT INTO `tags` VALUES (1,'General','2022-08-10 12:37:07','2022-08-10 12:37:07'),(2,'Sports','2022-08-10 12:37:07','2022-08-10 12:37:07'),(3,'Music','2022-08-10 12:37:07','2022-08-10 12:37:07'),(4,'Science','2022-08-10 12:37:07','2022-08-10 12:37:07'),(5,'History','2022-08-10 12:37:07','2022-08-10 12:37:07'),(6,'Geography','2022-08-10 12:37:07','2022-08-10 12:37:07'),(7,'Pop culture','2022-08-10 12:37:07','2022-08-10 12:37:07'),(8,'Maths','2022-08-10 12:37:07','2022-08-10 12:37:07');
/*!40000 ALTER TABLE `tags` ENABLE KEYS */;
UNLOCK TABLES;

--
-- Table structure for table `users`
--

DROP TABLE IF EXISTS `users`;
/*!40101 SET @saved_cs_client     = @@character_set_client */;
/*!50503 SET character_set_client = utf8mb4 */;
CREATE TABLE `users` (
  `id` bigint unsigned NOT NULL AUTO_INCREMENT,
  `username` varchar(255) CHARACTER SET utf8mb4 COLLATE utf8mb4_unicode_ci NOT NULL,
  `email` varchar(255) CHARACTER SET utf8mb4 COLLATE utf8mb4_unicode_ci NOT NULL,
  `email_verified_at` timestamp NULL DEFAULT NULL,
  `password` varchar(255) CHARACTER SET utf8mb4 COLLATE utf8mb4_unicode_ci NOT NULL,
  `remember_token` varchar(100) CHARACTER SET utf8mb4 COLLATE utf8mb4_unicode_ci DEFAULT NULL,
  `created_at` timestamp NULL DEFAULT NULL,
  `updated_at` timestamp NULL DEFAULT NULL,
  `bio` text CHARACTER SET utf8mb4 COLLATE utf8mb4_unicode_ci,
  `profile_image_url` varchar(255) CHARACTER SET utf8mb4 COLLATE utf8mb4_unicode_ci DEFAULT NULL,
  `challenge_points` int unsigned NOT NULL DEFAULT '0',
  PRIMARY KEY (`id`),
  UNIQUE KEY `users_username_unique` (`username`),
  UNIQUE KEY `users_email_unique` (`email`)
) ENGINE=InnoDB AUTO_INCREMENT=18 DEFAULT CHARSET=utf8mb4 COLLATE=utf8mb4_unicode_ci;
/*!40101 SET character_set_client = @saved_cs_client */;

--
-- Dumping data for table `users`
--

LOCK TABLES `users` WRITE;
/*!40000 ALTER TABLE `users` DISABLE KEYS */;
INSERT INTO `users` VALUES (2,'Tom55','tom@email.com',NULL,'$2y$10$Kd63JMQoQ/Uv55uEAauI7elcTikLxcLOtTJuTBVkB.Z7b9oxdec.K',NULL,'2022-08-11 11:04:42','2022-08-17 13:00:25',NULL,NULL,1),(3,'BillyB','billy@email.com',NULL,'$2y$10$p3X.Ike40FwVwBH6pEvFT.vZp7iVCDkr9xsiaCTMMhyTsB2ZgcAh2',NULL,'2022-08-11 11:05:39','2022-08-11 12:00:33',NULL,NULL,1),(4,'Darren1991','darren@email.com',NULL,'$2y$10$6atHbrPK6d82GXN06/e/Kei22QErlKAu5iQQ2Q/muVIOLpL9hXWFO',NULL,'2022-08-15 10:31:16','2022-08-15 10:31:16',NULL,NULL,0),(5,'Lalo','lalo@email.com',NULL,'$2y$10$/KSeWrCN3pLl1qF4wO3rhebCs3FSPLjvccBBidZDj9fXJjEAIZ0v2',NULL,'2022-08-15 10:48:45','2022-08-15 10:48:45',NULL,NULL,0),(6,'Mikey212','mike@email.com',NULL,'$2y$10$jx7MZfNzCJ8nY/HsHLhgg.uGPl9F38KcN18ClcN/3T3Ms983Q8Opi',NULL,'2022-08-16 09:44:44','2022-08-16 09:44:44',NULL,NULL,0),(12,'DavidLikesQuizzes','david@email.com',NULL,'$2y$10$dpRKN515ldYXSq/PIBvwCurIYFwGy6mMqAefiIjbylSmirJVcUjo6',NULL,'2022-09-05 12:58:49','2022-09-05 12:58:49',NULL,NULL,0),(13,'SarahSu','sarah@email.com',NULL,'$2y$10$P.MCyizNzw1WogkYeE.uqeaLIN4Cnj2ip.1UtWjLVF1JyT7Pdb.km',NULL,'2022-09-05 13:56:24','2022-09-05 13:56:24',NULL,NULL,0);
/*!40000 ALTER TABLE `users` ENABLE KEYS */;
UNLOCK TABLES;

--
-- Dumping routines for database 'untitledquizapp'
--
/*!40103 SET TIME_ZONE=@OLD_TIME_ZONE */;

/*!40101 SET SQL_MODE=@OLD_SQL_MODE */;
/*!40014 SET FOREIGN_KEY_CHECKS=@OLD_FOREIGN_KEY_CHECKS */;
/*!40014 SET UNIQUE_CHECKS=@OLD_UNIQUE_CHECKS */;
/*!40101 SET CHARACTER_SET_CLIENT=@OLD_CHARACTER_SET_CLIENT */;
/*!40101 SET CHARACTER_SET_RESULTS=@OLD_CHARACTER_SET_RESULTS */;
/*!40101 SET COLLATION_CONNECTION=@OLD_COLLATION_CONNECTION */;
/*!40111 SET SQL_NOTES=@OLD_SQL_NOTES */;

-- Dump completed on 2022-10-24 11:07:35
